<?xml version="1.0" encoding="UTF-8"?>
<metadata xml:lang="es"><Esri><CreaDate>20180924</CreaDate><CreaTime>07441100</CreaTime><ArcGISFormat>1.0</ArcGISFormat><SyncOnce>FALSE</SyncOnce><DataProperties><itemProps><itemName Sync="TRUE">DATOS_FUNDAMENTALES.DBO.Centros_Poblados</itemName><imsContentType Sync="TRUE">002</imsContentType><itemLocation><linkage Sync="TRUE">Server=PISCO; Service=sde:sqlserver:PISCO\SQLGIS; Database=DATOS_FUNDAMENTALES; User=sa; Version=dbo.DEFAULT</linkage><protocol Sync="TRUE">ArcSDE Connection</protocol></itemLocation><itemSize Sync="TRUE">0.000</itemSize></itemProps><coordRef><type Sync="TRUE">Geographic</type><geogcsn Sync="TRUE">GCS_WGS_1984</geogcsn><csUnits Sync="TRUE">Angular Unit: Degree (0.017453)</csUnits><peXml Sync="TRUE">&lt;GeographicCoordinateSystem xsi:type='typens:GeographicCoordinateSystem' xmlns:xsi='http://www.w3.org/2001/XMLSchema-instance' xmlns:xs='http://www.w3.org/2001/XMLSchema' xmlns:typens='http://www.esri.com/schemas/ArcGIS/10.1'&gt;&lt;WKT&gt;GEOGCS[&amp;quot;GCS_WGS_1984&amp;quot;,DATUM[&amp;quot;D_WGS_1984&amp;quot;,SPHEROID[&amp;quot;WGS_1984&amp;quot;,6378137.0,298.257223563]],PRIMEM[&amp;quot;Greenwich&amp;quot;,0.0],UNIT[&amp;quot;Degree&amp;quot;,0.0174532925199433],AUTHORITY[&amp;quot;EPSG&amp;quot;,4326]]&lt;/WKT&gt;&lt;XOrigin&gt;-400&lt;/XOrigin&gt;&lt;YOrigin&gt;-400&lt;/YOrigin&gt;&lt;XYScale&gt;999999999.99999988&lt;/XYScale&gt;&lt;ZOrigin&gt;0&lt;/ZOrigin&gt;&lt;ZScale&gt;1&lt;/ZScale&gt;&lt;MOrigin&gt;0&lt;/MOrigin&gt;&lt;MScale&gt;1&lt;/MScale&gt;&lt;XYTolerance&gt;8.983152841195215e-009&lt;/XYTolerance&gt;&lt;ZTolerance&gt;0.001&lt;/ZTolerance&gt;&lt;MTolerance&gt;0.001&lt;/MTolerance&gt;&lt;HighPrecision&gt;true&lt;/HighPrecision&gt;&lt;LeftLongitude&gt;-180&lt;/LeftLongitude&gt;&lt;WKID&gt;4326&lt;/WKID&gt;&lt;LatestWKID&gt;4326&lt;/LatestWKID&gt;&lt;/GeographicCoordinateSystem&gt;</peXml></coordRef><lineage><Process ToolSource="c:\program files (x86)\arcgis\desktop10.1\ArcToolbox\Toolboxes\Conversion Tools.tbx\FeatureClassToFeatureClass" Date="20130924" Time="101431">FeatureClassToFeatureClass CCPP "Z:\ELIZABETH\FLORES LIMITES\ACTUAL.gdb\dACTUAL" A_CENTROPOBLADOS # "NOM_POBLAD "NOM_POBLAD" true true false 60 Text 0 0 ,First,#,Z:\ELIZABETH\FLORES LIMITES\CCPP\FINAL.shp,NOM_POBLAD,-1,-1;FUENTE "FUENTE" true true false 5 Text 0 0 ,First,#,Z:\ELIZABETH\FLORES LIMITES\CCPP\FINAL.shp,FUENTE,-1,-1;F_CODE "F_CODE" true true false 10 Text 0 0 ,First,#,Z:\ELIZABETH\FLORES LIMITES\CCPP\FINAL.shp,F_CODE,-1,-1;CÓDIGO "CÓDIGO" true true false 10 Text 0 0 ,First,#,Z:\ELIZABETH\FLORES LIMITES\CCPP\FINAL.shp,CÓDIGO,-1,-1;CAT_POBLAD "CAT_POBLAD" true true false 25 Text 0 0 ,First,#,Z:\ELIZABETH\FLORES LIMITES\CCPP\FINAL.shp,CAT_POBLAD,-1,-1;DIST "DIST" true true false 60 Text 0 0 ,First,#,Z:\ELIZABETH\FLORES LIMITES\CCPP\FINAL.shp,DIST,-1,-1;PROV "PROV" true true false 50 Text 0 0 ,First,#,Z:\ELIZABETH\FLORES LIMITES\CCPP\FINAL.shp,PROV,-1,-1;DEP "DEP" true true false 50 Text 0 0 ,First,#,Z:\ELIZABETH\FLORES LIMITES\CCPP\FINAL.shp,DEP,-1,-1;CÓD_HOJA "CÓD_HOJA" true true false 4 Text 0 0 ,First,#,Z:\ELIZABETH\FLORES LIMITES\CCPP\FINAL.shp,CÓD_HOJA,-1,-1;CÓD_INT "CÓD_INT" true true false 4 Text 0 0 ,First,#,Z:\ELIZABETH\FLORES LIMITES\CCPP\FINAL.shp,CÓD_INT,-1,-1;CATEGORIA "CATEGORIA" true true false 25 Text 0 0 ,First,#,Z:\ELIZABETH\FLORES LIMITES\CCPP\FINAL.shp,CATEGORIA,-1,-1;X "X" true true false 19 Double 5 18 ,First,#,Z:\ELIZABETH\FLORES LIMITES\CCPP\FINAL.shp,X,-1,-1;Y "Y" true true false 19 Double 5 18 ,First,#,Z:\ELIZABETH\FLORES LIMITES\CCPP\FINAL.shp,Y,-1,-1;N_BUSQDA "N_BUSQDA" true true false 80 Text 0 0 ,First,#,Z:\ELIZABETH\FLORES LIMITES\CCPP\FINAL.shp,N_BUSQDA,-1,-1;OBSERVACIO "OBSERVACIO" true true false 50 Text 0 0 ,First,#,Z:\ELIZABETH\FLORES LIMITES\CCPP\FINAL.shp,OBSERVACIO,-1,-1" #</Process><Process ToolSource="c:\program files (x86)\arcgis\desktop10.1\ArcToolbox\Toolboxes\Conversion Tools.tbx\FeatureClassToFeatureClass" Date="20150429" Time="115258">FeatureClassToFeatureClass "Database Connections\Connection to PISCO (7).sde\SIGNACIONAL.DBO.dACTUAL\SIGNACIONAL.DBO.A_CENTROPOBLADOS" E:\GEOPORTAL-2015\lopez centro_po_inei_ign.shp # "NOM_POBLAD "NOM_POBLAD" true true false 60 Text 0 0 ,First,#,Database Connections\Connection to PISCO (7).sde\SIGNACIONAL.DBO.dACTUAL\SIGNACIONAL.DBO.A_CENTROPOBLADOS,NOM_POBLAD,-1,-1;FUENTE "FUENTE" true true false 5 Text 0 0 ,First,#,Database Connections\Connection to PISCO (7).sde\SIGNACIONAL.DBO.dACTUAL\SIGNACIONAL.DBO.A_CENTROPOBLADOS,FUENTE,-1,-1;F_CODE "F_CODE" true true false 10 Text 0 0 ,First,#,Database Connections\Connection to PISCO (7).sde\SIGNACIONAL.DBO.dACTUAL\SIGNACIONAL.DBO.A_CENTROPOBLADOS,F_CODE,-1,-1;CÓDIGO "CÓDIGO" true true false 10 Text 0 0 ,First,#,Database Connections\Connection to PISCO (7).sde\SIGNACIONAL.DBO.dACTUAL\SIGNACIONAL.DBO.A_CENTROPOBLADOS,CÓDIGO,-1,-1;CAT_POBLAD "CAT_POBLAD" true true false 25 Text 0 0 ,First,#,Database Connections\Connection to PISCO (7).sde\SIGNACIONAL.DBO.dACTUAL\SIGNACIONAL.DBO.A_CENTROPOBLADOS,CAT_POBLAD,-1,-1;DIST "DIST" true true false 60 Text 0 0 ,First,#,Database Connections\Connection to PISCO (7).sde\SIGNACIONAL.DBO.dACTUAL\SIGNACIONAL.DBO.A_CENTROPOBLADOS,DIST,-1,-1;PROV "PROV" true true false 50 Text 0 0 ,First,#,Database Connections\Connection to PISCO (7).sde\SIGNACIONAL.DBO.dACTUAL\SIGNACIONAL.DBO.A_CENTROPOBLADOS,PROV,-1,-1;DEP "DEP" true true false 50 Text 0 0 ,First,#,Database Connections\Connection to PISCO (7).sde\SIGNACIONAL.DBO.dACTUAL\SIGNACIONAL.DBO.A_CENTROPOBLADOS,DEP,-1,-1;CÓD_HOJA "CÓD_HOJA" true true false 4 Text 0 0 ,First,#,Database Connections\Connection to PISCO (7).sde\SIGNACIONAL.DBO.dACTUAL\SIGNACIONAL.DBO.A_CENTROPOBLADOS,CÓD_HOJA,-1,-1;CÓD_INT "CÓD_INT" true true false 4 Text 0 0 ,First,#,Database Connections\Connection to PISCO (7).sde\SIGNACIONAL.DBO.dACTUAL\SIGNACIONAL.DBO.A_CENTROPOBLADOS,CÓD_INT,-1,-1;CATEGORIA "CATEGORIA" true true false 25 Text 0 0 ,First,#,Database Connections\Connection to PISCO (7).sde\SIGNACIONAL.DBO.dACTUAL\SIGNACIONAL.DBO.A_CENTROPOBLADOS,CATEGORIA,-1,-1;X "X" true true false 8 Double 8 38 ,First,#,Database Connections\Connection to PISCO (7).sde\SIGNACIONAL.DBO.dACTUAL\SIGNACIONAL.DBO.A_CENTROPOBLADOS,X,-1,-1;Y "Y" true true false 8 Double 8 38 ,First,#,Database Connections\Connection to PISCO (7).sde\SIGNACIONAL.DBO.dACTUAL\SIGNACIONAL.DBO.A_CENTROPOBLADOS,Y,-1,-1;N_BUSQDA "N_BUSQDA" true true false 80 Text 0 0 ,First,#,Database Connections\Connection to PISCO (7).sde\SIGNACIONAL.DBO.dACTUAL\SIGNACIONAL.DBO.A_CENTROPOBLADOS,N_BUSQDA,-1,-1;OBSERVACIO "OBSERVACIO" true true false 50 Text 0 0 ,First,#,Database Connections\Connection to PISCO (7).sde\SIGNACIONAL.DBO.dACTUAL\SIGNACIONAL.DBO.A_CENTROPOBLADOS,OBSERVACIO,-1,-1" #</Process><Process ToolSource="c:\program files (x86)\arcgis\desktop10.1\ArcToolbox\Toolboxes\Data Management Tools.tbx\CalculateField" Date="20150429" Time="122116">CalculateField centro_po_inei_ign CAT_POBLAD "UNID. AGROPECUARIA" VB #</Process><Process ToolSource="c:\program files (x86)\arcgis\desktop10.1\ArcToolbox\Toolboxes\Data Management Tools.tbx\CalculateField" Date="20150429" Time="122228">CalculateField centro_po_inei_ign CAT_POBLAD "UNID. AGROPECUARIA" VB #</Process><Process ToolSource="c:\program files (x86)\arcgis\desktop10.1\ArcToolbox\Toolboxes\Data Management Tools.tbx\CalculateField" Date="20150429" Time="122406">CalculateField centro_po_inei_ign CAT_POBLAD "COOP. AGRARIA" VB #</Process><Process ToolSource="c:\program files (x86)\arcgis\desktop10.1\ArcToolbox\Toolboxes\Data Management Tools.tbx\CalculateField" Date="20150429" Time="122534">CalculateField centro_po_inei_ign CAT_POBLAD "CASERÍO" VB #</Process><Process ToolSource="c:\program files (x86)\arcgis\desktop10.1\ArcToolbox\Toolboxes\Data Management Tools.tbx\CalculateField" Date="20150429" Time="122635">CalculateField centro_po_inei_ign CAT_POBLAD "CASERÍO" VB #</Process><Process ToolSource="c:\program files (x86)\arcgis\desktop10.1\ArcToolbox\Toolboxes\Data Management Tools.tbx\CalculateField" Date="20150429" Time="122836">CalculateField centro_po_inei_ign CAT_POBLAD "" VB #</Process><Process ToolSource="c:\program files (x86)\arcgis\desktop10.1\ArcToolbox\Toolboxes\Data Management Tools.tbx\CalculateField" Date="20150429" Time="122917">CalculateField centro_po_inei_ign CAT_POBLAD "" VB #</Process><Process ToolSource="c:\program files (x86)\arcgis\desktop10.1\ArcToolbox\Toolboxes\Data Management Tools.tbx\CalculateField" Date="20150429" Time="123043">CalculateField centro_po_inei_ign CÓDIGO "" VB #</Process><Process ToolSource="c:\program files (x86)\arcgis\desktop10.1\ArcToolbox\Toolboxes\Data Management Tools.tbx\CalculateField" Date="20150429" Time="123353">CalculateField centro_po_inei_ign CAT_POBLAD "ASOCIACION DE VIVIENDA" VB #</Process><Process ToolSource="c:\program files (x86)\arcgis\desktop10.1\ArcToolbox\Toolboxes\Data Management Tools.tbx\CalculateField" Date="20150429" Time="123507">CalculateField centro_po_inei_ign CAT_POBLAD "COOPERATIVA DE VIVIENDA" VB #</Process><Process ToolSource="c:\program files (x86)\arcgis\desktop10.1\ArcToolbox\Toolboxes\Conversion Tools.tbx\FeatureClassToFeatureClass" Date="20150429" Time="142210">FeatureClassToFeatureClass E:\GEOPORTAL-2015\PERÚ_100K\lopez_inei_ign\100k_C_P.shp E:\GEOPORTAL-2015\PERÚ_100K\centros_poblados_100k.gdb C_P_100K # "NOM_POBLAD "NOM_POBLAD" true true false 60 Text 0 0 ,First,#,E:\GEOPORTAL-2015\PERÚ_100K\lopez_inei_ign\100k_C_P.shp,NOM_POBLAD,-1,-1;FUENTE "FUENTE" true true false 5 Text 0 0 ,First,#,E:\GEOPORTAL-2015\PERÚ_100K\lopez_inei_ign\100k_C_P.shp,FUENTE,-1,-1;CÓDIGO "CÓDIGO" true true false 10 Text 0 0 ,First,#,E:\GEOPORTAL-2015\PERÚ_100K\lopez_inei_ign\100k_C_P.shp,CÓDIGO,-1,-1;CAT_POBLAD "CAT_POBLAD" true true false 25 Text 0 0 ,First,#,E:\GEOPORTAL-2015\PERÚ_100K\lopez_inei_ign\100k_C_P.shp,CAT_POBLAD,-1,-1;DIST "DIST" true true false 60 Text 0 0 ,First,#,E:\GEOPORTAL-2015\PERÚ_100K\lopez_inei_ign\100k_C_P.shp,DIST,-1,-1;PROV "PROV" true true false 50 Text 0 0 ,First,#,E:\GEOPORTAL-2015\PERÚ_100K\lopez_inei_ign\100k_C_P.shp,PROV,-1,-1;DEP "DEP" true true false 50 Text 0 0 ,First,#,E:\GEOPORTAL-2015\PERÚ_100K\lopez_inei_ign\100k_C_P.shp,DEP,-1,-1;CÓD_INT "CÓD_INT" true true false 4 Text 0 0 ,First,#,E:\GEOPORTAL-2015\PERÚ_100K\lopez_inei_ign\100k_C_P.shp,CÓD_INT,-1,-1;CATEGORIA "CATEGORIA" true true false 25 Text 0 0 ,First,#,E:\GEOPORTAL-2015\PERÚ_100K\lopez_inei_ign\100k_C_P.shp,CATEGORIA,-1,-1;X "X" true true false 19 Double 8 18 ,First,#,E:\GEOPORTAL-2015\PERÚ_100K\lopez_inei_ign\100k_C_P.shp,X,-1,-1;Y "Y" true true false 19 Double 8 18 ,First,#,E:\GEOPORTAL-2015\PERÚ_100K\lopez_inei_ign\100k_C_P.shp,Y,-1,-1;N_BUSQDA "N_BUSQDA" true true false 80 Text 0 0 ,First,#,E:\GEOPORTAL-2015\PERÚ_100K\lopez_inei_ign\100k_C_P.shp,N_BUSQDA,-1,-1" #</Process><Process ToolSource="c:\program files (x86)\arcgis\desktop10.1\ArcToolbox\Toolboxes\Data Management Tools.tbx\CopyFeatures" Date="20180323" Time="121310">CopyFeatures "Centros Poblados" "Database Connections\Connection to PISCO.sde\DATOS_FUNDAMENTALES.DBO.DATOS_IGN\DATOS_FUNDAMENTALES.DBO.Centros_Poblados" # 0 0 0</Process></lineage></DataProperties><SyncDate>20180323</SyncDate><SyncTime>12113400</SyncTime><ModDate>20180323</ModDate><ModTime>12113400</ModTime></Esri><dataIdInfo><envirDesc Sync="TRUE"> Version 6.2 (Build 9200) ; Esri ArcGIS 10.1.0.3035</envirDesc><dataLang><languageCode value="spa" Sync="TRUE"/><countryCode value="PER" Sync="TRUE"/></dataLang><idCitation><resTitle Sync="TRUE">DATOS_FUNDAMENTALES.DBO.Centros_Poblados</resTitle><presForm><PresFormCd value="005" Sync="TRUE"/></presForm></idCitation><spatRpType><SpatRepTypCd value="001" Sync="TRUE"/></spatRpType></dataIdInfo><mdLang><languageCode value="spa" Sync="TRUE"/><countryCode value="PER" Sync="TRUE"/></mdLang><distInfo><distFormat><formatName Sync="TRUE">SDE Feature Class</formatName></distFormat><distTranOps><transSize Sync="TRUE">0.000</transSize></distTranOps></distInfo><mdHrLv><ScopeCd value="005" Sync="TRUE"/></mdHrLv><mdHrLvName Sync="TRUE">dataset</mdHrLvName><refSysInfo><RefSystem><refSysID><identCode code="4326" Sync="TRUE" value="4326"/><idCodeSpace Sync="TRUE">EPSG</idCodeSpace><idVersion Sync="TRUE">7.9.4</idVersion></refSysID></RefSystem></refSysInfo><spatRepInfo><VectSpatRep><geometObjs Name="DATOS_FUNDAMENTALES.DBO.Centros_Poblados"><geoObjTyp><GeoObjTypCd value="004" Sync="TRUE"/></geoObjTyp><geoObjCnt Sync="TRUE">0</geoObjCnt></geometObjs><topLvl><TopoLevCd value="001" Sync="TRUE"/></topLvl></VectSpatRep></spatRepInfo><spdoinfo><ptvctinf><esriterm Name="DATOS_FUNDAMENTALES.DBO.Centros_Poblados"><efeatyp Sync="TRUE">Simple</efeatyp><efeageom code="1" Sync="TRUE"/><esritopo Sync="TRUE">FALSE</esritopo><efeacnt Sync="TRUE">0</efeacnt><spindex Sync="TRUE">TRUE</spindex><linrefer Sync="TRUE">FALSE</linrefer></esriterm></ptvctinf></spdoinfo><eainfo><detailed Name="DATOS_FUNDAMENTALES.DBO.Centros_Poblados"><enttyp><enttypl Sync="TRUE">DATOS_FUNDAMENTALES.DBO.Centros_Poblados</enttypl><enttypt Sync="TRUE">Feature Class</enttypt><enttypc Sync="TRUE">0</enttypc></enttyp><attr><attrlabl Sync="TRUE">OBJECTID</attrlabl><attalias Sync="TRUE">OBJECTID</attalias><attrtype Sync="TRUE">OID</attrtype><attwidth Sync="TRUE">4</attwidth><atprecis Sync="TRUE">10</atprecis><attscale Sync="TRUE">0</attscale><attrdef Sync="TRUE">Internal feature number.</attrdef><attrdefs Sync="TRUE">Esri</attrdefs><attrdomv><udom Sync="TRUE">Sequential unique whole numbers that are automatically generated.</udom></attrdomv></attr><attr><attrlabl Sync="TRUE">Shape</attrlabl><attalias Sync="TRUE">Shape</attalias><attrtype Sync="TRUE">Geometry</attrtype><attwidth Sync="TRUE">4</attwidth><atprecis Sync="TRUE">0</atprecis><attscale Sync="TRUE">0</attscale><attrdef Sync="TRUE">Feature geometry.</attrdef><attrdefs Sync="TRUE">Esri</attrdefs><attrdomv><udom Sync="TRUE">Coordinates defining the features.</udom></attrdomv></attr><attr><attrlabl Sync="TRUE">NOM_POBLAD</attrlabl><attalias Sync="TRUE">NOM_POBLAD</attalias><attrtype Sync="TRUE">String</attrtype><attwidth Sync="TRUE">60</attwidth><atprecis Sync="TRUE">0</atprecis><attscale Sync="TRUE">0</attscale></attr><attr><attrlabl Sync="TRUE">FUENTE</attrlabl><attalias Sync="TRUE">FUENTE</attalias><attrtype Sync="TRUE">String</attrtype><attwidth Sync="TRUE">5</attwidth><atprecis Sync="TRUE">0</atprecis><attscale Sync="TRUE">0</attscale></attr><attr><attrlabl Sync="TRUE">CÓDIGO</attrlabl><attalias Sync="TRUE">CÓDIGO</attalias><attrtype Sync="TRUE">String</attrtype><attwidth Sync="TRUE">10</attwidth><atprecis Sync="TRUE">0</atprecis><attscale Sync="TRUE">0</attscale></attr><attr><attrlabl Sync="TRUE">CAT_POBLAD</attrlabl><attalias Sync="TRUE">CAT_POBLAD</attalias><attrtype Sync="TRUE">String</attrtype><attwidth Sync="TRUE">25</attwidth><atprecis Sync="TRUE">0</atprecis><attscale Sync="TRUE">0</attscale></attr><attr><attrlabl Sync="TRUE">DIST</attrlabl><attalias Sync="TRUE">DIST</attalias><attrtype Sync="TRUE">String</attrtype><attwidth Sync="TRUE">60</attwidth><atprecis Sync="TRUE">0</atprecis><attscale Sync="TRUE">0</attscale></attr><attr><attrlabl Sync="TRUE">PROV</attrlabl><attalias Sync="TRUE">PROV</attalias><attrtype Sync="TRUE">String</attrtype><attwidth Sync="TRUE">50</attwidth><atprecis Sync="TRUE">0</atprecis><attscale Sync="TRUE">0</attscale></attr><attr><attrlabl Sync="TRUE">DEP</attrlabl><attalias Sync="TRUE">DEP</attalias><attrtype Sync="TRUE">String</attrtype><attwidth Sync="TRUE">50</attwidth><atprecis Sync="TRUE">0</atprecis><attscale Sync="TRUE">0</attscale></attr><attr><attrlabl Sync="TRUE">CÓD_INT</attrlabl><attalias Sync="TRUE">CÓD_INT</attalias><attrtype Sync="TRUE">String</attrtype><attwidth Sync="TRUE">4</attwidth><atprecis Sync="TRUE">0</atprecis><attscale Sync="TRUE">0</attscale></attr><attr><attrlabl Sync="TRUE">CATEGORIA</attrlabl><attalias Sync="TRUE">CATEGORIA</attalias><attrtype Sync="TRUE">String</attrtype><attwidth Sync="TRUE">25</attwidth><atprecis Sync="TRUE">0</atprecis><attscale Sync="TRUE">0</attscale></attr><attr><attrlabl Sync="TRUE">X</attrlabl><attalias Sync="TRUE">X</attalias><attrtype Sync="TRUE">Double</attrtype><attwidth Sync="TRUE">8</attwidth><atprecis Sync="TRUE">38</atprecis><attscale Sync="TRUE">8</attscale></attr><attr><attrlabl Sync="TRUE">Y</attrlabl><attalias Sync="TRUE">Y</attalias><attrtype Sync="TRUE">Double</attrtype><attwidth Sync="TRUE">8</attwidth><atprecis Sync="TRUE">38</atprecis><attscale Sync="TRUE">8</attscale></attr><attr><attrlabl Sync="TRUE">N_BUSQDA</attrlabl><attalias Sync="TRUE">N_BUSQDA</attalias><attrtype Sync="TRUE">String</attrtype><attwidth Sync="TRUE">80</attwidth><atprecis Sync="TRUE">0</atprecis><attscale Sync="TRUE">0</attscale></attr></detailed></eainfo><mdDateSt Sync="TRUE">20180323</mdDateSt></metadata>
